{
    "ATAC.RPM": [
        0.0,
        0.067824,
        0.084781,
        0.101737,
        0.11021500000000001,
        0.127171,
        0.135649,
        0.144127,
        0.152605,
        0.161083,
        0.169561,
        0.178039,
        0.18651700000000002,
        0.194995,
        0.20347300000000001,
        0.21195100000000003,
        0.21195100000000003,
        0.22042899999999999,
        0.22890700000000003,
        0.23738499999999998,
        0.24586399999999997,
        0.254342,
        0.26282,
        0.271298,
        0.279776,
        0.288254,
        0.296732,
        0.30521,
        0.313688,
        0.322166,
        0.330644,
        0.339122,
        0.3476,
        0.356078,
        0.364556,
        0.37303400000000003,
        0.38151199999999996,
        0.38999,
        0.406947,
        0.415425,
        0.423903,
        0.432381,
        0.449337,
        0.45781499999999997,
        0.47477100000000005,
        0.483249,
        0.491727,
        0.508683,
        0.5256390000000001,
        0.534117,
        0.5510729999999999,
        0.56803,
        0.584986,
        0.601942,
        0.618898,
        0.635854,
        0.65281,
        0.669766,
        0.686722,
        0.712156,
        0.7291130000000001,
        0.7545470000000001,
        0.779981,
        0.805415,
        0.830849,
        0.856283,
        0.8901959999999999,
        0.9156299999999999,
        0.949542,
        0.983454,
        1.025844,
        1.068235,
        1.110625,
        1.153015,
        1.203883,
        1.2632299999999999,
        1.322576,
        1.381923,
        1.458225,
        1.5345280000000001,
        1.619308,
        1.7210450000000002,
        1.8312589999999997,
        1.9499520000000001,
        2.0940790000000002,
        2.246684,
        2.433201,
        2.645152,
        2.8958390400000775,
        3.204704,
        3.5523039999999995,
        4.001641,
        4.501846,
        5.188568,
        6.019417,
        7.0961300000000005,
        8.528921,
        10.6645404872725,
        14.065089000000002,
        22.225723679999486
    ],
    "H3K27ac.RPM": [
        0.0,
        0.0,
        0.0,
        0.0,
        0.0,
        0.0,
        0.0,
        0.0,
        0.08409,
        0.08409,
        0.08409,
        0.08409,
        0.08409,
        0.08409,
        0.08409,
        0.08409,
        0.08409,
        0.168181,
        0.168181,
        0.168181,
        0.168181,
        0.168181,
        0.168181,
        0.168181,
        0.168181,
        0.252271,
        0.252271,
        0.252271,
        0.252271,
        0.252271,
        0.252271,
        0.252271,
        0.252271,
        0.336361,
        0.336361,
        0.336361,
        0.336361,
        0.336361,
        0.336361,
        0.336361,
        0.42045200000000005,
        0.42045200000000005,
        0.42045200000000005,
        0.42045200000000005,
        0.42045200000000005,
        0.504542,
        0.504542,
        0.504542,
        0.504542,
        0.504542,
        0.5886319999999999,
        0.5886319999999999,
        0.5886319999999999,
        0.5886319999999999,
        0.672723,
        0.672723,
        0.672723,
        0.756813,
        0.756813,
        0.756813,
        0.8409030000000001,
        0.8409030000000001,
        0.9249940000000001,
        0.9249940000000001,
        1.009084,
        1.009084,
        1.0931739999999999,
        1.0931739999999999,
        1.177265,
        1.261355,
        1.345445,
        1.345445,
        1.4295360000000001,
        1.513626,
        1.681807,
        1.765897,
        1.8499880000000002,
        2.018168,
        2.102259,
        2.270439,
        2.4386200000000002,
        2.606801,
        2.8590720000000003,
        3.1113429999999997,
        3.363614,
        3.615885,
        3.9522459999999997,
        4.288607,
        4.709059,
        5.213601000000001,
        5.8022339999999994,
        6.474956,
        7.231769,
        8.240853999999999,
        9.418118,
        10.931745,
        13.034003,
        16.145346,
        21.358947,
        35.654305
    ],
    "maxpercentile": 99.5,
    "DHS.RPM.PROMOTER": [
        0.133832,
        0.401497,
        0.446108,
        0.53533,
        0.579941,
        0.624551,
        0.624551,
        0.669162,
        0.713773,
        0.7583840000000001,
        0.802995,
        0.8476059999999999,
        0.892216,
        0.9368270000000001,
        0.9814379999999998,
        1.026049,
        1.07066,
        1.115271,
        1.159881,
        1.2044920000000001,
        1.249103,
        1.338325,
        1.382935,
        1.427546,
        1.5167680000000001,
        1.561379,
        1.60599,
        1.695211,
        1.7844330000000002,
        1.829044,
        1.918265,
        1.9628759999999996,
        2.052098,
        2.1413189999999998,
        2.230541,
        2.319763,
        2.4089840000000002,
        2.498206,
        2.587428,
        2.72126,
        2.810482,
        2.944314,
        3.078147,
        3.211979,
        3.3012010000000003,
        3.4796440000000004,
        3.6134769999999996,
        3.7473089999999996,
        3.9257519999999997,
        4.104196,
        4.282639,
        4.416471,
        4.639525,
        4.78382581343429,
        4.996412,
        5.192451561111017,
        5.397908999999999,
        5.620963,
        5.7994069999999995,
        6.054315056464635,
        6.245515000000001,
        6.4685690000000005,
        6.736234,
        6.959288000000001,
        7.226953,
        7.539229,
        7.8068940000000016,
        8.074558999999999,
        8.386834,
        8.699110000000001,
        9.011386,
        9.368272,
        9.680548,
        10.037435,
        10.394321000000001,
        10.795481037878778,
        11.152705000000001,
        11.554202999999998,
        12.000311,
        12.49103,
        12.981749,
        13.538127280909123,
        14.14163,
        14.766182,
        15.390732999999997,
        16.104506,
        16.907501,
        17.708319523939387,
        18.691934,
        19.53954,
        20.663326645454518,
        21.72547,
        23.063794,
        24.491341000000002,
        26.320384000000004,
        28.22037751464638,
        30.945201888484696,
        35.186794262323026,
        41.577284999999996,
        55.52441212999997
    ],